year,close
2018,-73.00377067968469
2019,94.31337600259255
2020,22.453208584020267
