,BTC Returns,ADA Returns
2019,94.31337600259255,-18.968919585594477
2020,22.453208584020267,452.0243531202436
